USBlyzer Report

Capture List

Type,Seq,Time,Elapsed,Duration,Request,Request Details,Raw Data,I/O,C:I:E,Device Object,Device Name,Driver Name,IRP,Status
START,0001,17:41:03.981,,,,,,,,,,,,
URB,0002,17:41:09.226,5.245187 s,,Bulk or Interrupt Transfer,16 bytes data,F2 0C 40 11 00 20 02 00...,out,01:00:02,FFFFFA8002E7E440h,USBPDO-12,usbhub,FFFFFA80096BC490h,,F2 0C 40 11 00 20 02 00 00 00 00 00 00 00 00 00
URB,0003-0002,17:41:09.227,5.246467 s,1.280 ms,Bulk or Interrupt Transfer,16 bytes buffer,,out,01:00:02,FFFFFA8002E7E440h,USBPDO-12,usbhub,FFFFFA80096BC490h,Success (Success)
URB,0004,17:41:09.227,5.246524 s,,Bulk or Interrupt Transfer,64 bytes buffer,,in,01:00:81,FFFFFA8002E7E440h,USBPDO-12,usbhub,FFFFFA8009703010h,
URB,0005-0004,17:41:09.229,5.248463 s,1.939 ms,Bulk or Interrupt Transfer,2 bytes data,70 47,in,01:00:81,FFFFFA8002E7E440h,USBPDO-12,usbhub,FFFFFA8009703010h,Success (Success),70 47
URB,0006,17:41:09.229,5.248519 s,,Bulk or Interrupt Transfer,16 bytes data,F2 3B 00 00 00 00 00 00...,out,01:00:02,FFFFFA8002E7E440h,USBPDO-12,usbhub,FFFFFA80096BC490h,,F2 3B 00 00 00 00 00 00 00 00 00 00 00 00 00 00
URB,0007-0006,17:41:09.230,5.249462 s,943 us,Bulk or Interrupt Transfer,16 bytes buffer,,out,01:00:02,FFFFFA8002E7E440h,USBPDO-12,usbhub,FFFFFA80096BC490h,Success (Success)
URB,0008,17:41:09.230,5.249491 s,,Bulk or Interrupt Transfer,64 bytes buffer,,in,01:00:81,FFFFFA8002E7E440h,USBPDO-12,usbhub,FFFFFA8009703010h,
URB,0009-0008,17:41:09.232,5.251472 s,1.981 ms,Bulk or Interrupt Transfer,2 bytes data,80 00,in,01:00:81,FFFFFA8002E7E440h,USBPDO-12,usbhub,FFFFFA8009703010h,Success (Success),80 00
URB,0010,17:41:09.232,5.251514 s,,Bulk or Interrupt Transfer,16 bytes data,F2 0C 40 11 00 20 02 00...,out,01:00:02,FFFFFA8002E7E440h,USBPDO-12,usbhub,FFFFFA80096BC490h,,F2 0C 40 11 00 20 02 00 00 00 00 00 00 00 00 00
URB,0011-0010,17:41:09.233,5.252465 s,951 us,Bulk or Interrupt Transfer,16 bytes buffer,,out,01:00:02,FFFFFA8002E7E440h,USBPDO-12,usbhub,FFFFFA80096BC490h,Success (Success)
URB,0012,17:41:09.233,5.252495 s,,Bulk or Interrupt Transfer,64 bytes buffer,,in,01:00:81,FFFFFA8002E7E440h,USBPDO-12,usbhub,FFFFFA8009703010h,
URB,0013-0012,17:41:09.235,5.254462 s,1.967 ms,Bulk or Interrupt Transfer,2 bytes data,70 47,in,01:00:81,FFFFFA8002E7E440h,USBPDO-12,usbhub,FFFFFA8009703010h,Success (Success),70 47
URB,0014,17:41:09.235,5.254493 s,,Bulk or Interrupt Transfer,16 bytes data,F2 3B 00 00 00 00 00 00...,out,01:00:02,FFFFFA8002E7E440h,USBPDO-12,usbhub,FFFFFA80096BC490h,,F2 3B 00 00 00 00 00 00 00 00 00 00 00 00 00 00
URB,0015-0014,17:41:09.236,5.255462 s,969 us,Bulk or Interrupt Transfer,16 bytes buffer,,out,01:00:02,FFFFFA8002E7E440h,USBPDO-12,usbhub,FFFFFA80096BC490h,Success (Success)
URB,0016,17:41:09.236,5.255498 s,,Bulk or Interrupt Transfer,64 bytes buffer,,in,01:00:81,FFFFFA8002E7E440h,USBPDO-12,usbhub,FFFFFA8009703010h,
URB,0017-0016,17:41:09.238,5.257465 s,1.967 ms,Bulk or Interrupt Transfer,2 bytes data,80 00,in,01:00:81,FFFFFA8002E7E440h,USBPDO-12,usbhub,FFFFFA8009703010h,Success (Success),80 00
URB,0018,17:41:09.238,5.257575 s,,Bulk or Interrupt Transfer,16 bytes data,F2 0C 36 11 00 20 02 00...,out,01:00:02,FFFFFA8002E7E440h,USBPDO-12,usbhub,FFFFFA80096BC490h,,F2 0C 36 11 00 20 02 00 00 00 00 00 00 00 00 00
URB,0019-0018,17:41:09.239,5.258462 s,887 us,Bulk or Interrupt Transfer,16 bytes buffer,,out,01:00:02,FFFFFA8002E7E440h,USBPDO-12,usbhub,FFFFFA80096BC490h,Success (Success)
URB,0020,17:41:09.239,5.258490 s,,Bulk or Interrupt Transfer,64 bytes buffer,,in,01:00:81,FFFFFA8002E7E440h,USBPDO-12,usbhub,FFFFFA8009703010h,
URB,0021-0020,17:41:09.241,5.260462 s,1.972 ms,Bulk or Interrupt Transfer,2 bytes data,05 4A,in,01:00:81,FFFFFA8002E7E440h,USBPDO-12,usbhub,FFFFFA8009703010h,Success (Success),05 4A
URB,0022,17:41:09.241,5.260493 s,,Bulk or Interrupt Transfer,16 bytes data,F2 3B 00 00 00 00 00 00...,out,01:00:02,FFFFFA8002E7E440h,USBPDO-12,usbhub,FFFFFA80096BC490h,,F2 3B 00 00 00 00 00 00 00 00 00 00 00 00 00 00
URB,0023-0022,17:41:09.242,5.261461 s,968 us,Bulk or Interrupt Transfer,16 bytes buffer,,out,01:00:02,FFFFFA8002E7E440h,USBPDO-12,usbhub,FFFFFA80096BC490h,Success (Success)
URB,0024,17:41:09.242,5.261486 s,,Bulk or Interrupt Transfer,64 bytes buffer,,in,01:00:81,FFFFFA8002E7E440h,USBPDO-12,usbhub,FFFFFA8009703010h,
URB,0025-0024,17:41:09.244,5.263461 s,1.975 ms,Bulk or Interrupt Transfer,2 bytes data,80 00,in,01:00:81,FFFFFA8002E7E440h,USBPDO-12,usbhub,FFFFFA8009703010h,Success (Success),80 00
URB,0026,17:41:09.244,5.263495 s,,Bulk or Interrupt Transfer,16 bytes data,F2 07 FC ED 00 E0 04 00...,out,01:00:02,FFFFFA8002E7E440h,USBPDO-12,usbhub,FFFFFA80096BC490h,,F2 07 FC ED 00 E0 04 00 00 00 00 00 00 00 00 00
URB,0027-0026,17:41:09.245,5.264470 s,975 us,Bulk or Interrupt Transfer,16 bytes buffer,,out,01:00:02,FFFFFA8002E7E440h,USBPDO-12,usbhub,FFFFFA80096BC490h,Success (Success)
URB,0028,17:41:09.245,5.264534 s,,Bulk or Interrupt Transfer,64 bytes buffer,,in,01:00:81,FFFFFA8002E7E440h,USBPDO-12,usbhub,FFFFFA8009703010h,
URB,0029-0028,17:41:09.247,5.266457 s,1.923 ms,Bulk or Interrupt Transfer,4 bytes data,00 00 00 01,in,01:00:81,FFFFFA8002E7E440h,USBPDO-12,usbhub,FFFFFA8009703010h,Success (Success),00 00 00 01
URB,0030,17:41:09.247,5.266509 s,,Bulk or Interrupt Transfer,16 bytes data,F2 3B 00 00 00 00 00 00...,out,01:00:02,FFFFFA8002E7E440h,USBPDO-12,usbhub,FFFFFA80096BC490h,,F2 3B 00 00 00 00 00 00 00 00 00 00 00 00 00 00
URB,0031-0030,17:41:09.248,5.267458 s,949 us,Bulk or Interrupt Transfer,16 bytes buffer,,out,01:00:02,FFFFFA8002E7E440h,USBPDO-12,usbhub,FFFFFA80096BC490h,Success (Success)
URB,0032,17:41:09.248,5.267484 s,,Bulk or Interrupt Transfer,64 bytes buffer,,in,01:00:81,FFFFFA8002E7E440h,USBPDO-12,usbhub,FFFFFA8009703010h,
URB,0033-0032,17:41:09.250,5.269465 s,1.981 ms,Bulk or Interrupt Transfer,2 bytes data,80 00,in,01:00:81,FFFFFA8002E7E440h,USBPDO-12,usbhub,FFFFFA8009703010h,Success (Success),80 00
URB,0034,17:41:09.250,5.269495 s,,Bulk or Interrupt Transfer,16 bytes data,F2 08 FC ED 00 E0 04 00...,out,01:00:02,FFFFFA8002E7E440h,USBPDO-12,usbhub,FFFFFA80096BC490h,,F2 08 FC ED 00 E0 04 00 00 00 00 00 00 00 00 00
URB,0035-0034,17:41:09.251,5.270461 s,966 us,Bulk or Interrupt Transfer,16 bytes buffer,,out,01:00:02,FFFFFA8002E7E440h,USBPDO-12,usbhub,FFFFFA80096BC490h,Success (Success)
URB,0036,17:41:09.251,5.270485 s,,Bulk or Interrupt Transfer,4 bytes data,00 00 00 01,out,01:00:02,FFFFFA8002E7E440h,USBPDO-12,usbhub,FFFFFA80096BC490h,,00 00 00 01
URB,0037-0036,17:41:09.253,5.272462 s,1.977 ms,Bulk or Interrupt Transfer,4 bytes buffer,,out,01:00:02,FFFFFA8002E7E440h,USBPDO-12,usbhub,FFFFFA80096BC490h,Success (Success)
URB,0038,17:41:09.253,5.272486 s,,Bulk or Interrupt Transfer,16 bytes data,F2 3B 00 00 00 00 00 00...,out,01:00:02,FFFFFA8002E7E440h,USBPDO-12,usbhub,FFFFFA80096BC490h,,F2 3B 00 00 00 00 00 00 00 00 00 00 00 00 00 00
URB,0039-0038,17:41:09.255,5.274460 s,1.974 ms,Bulk or Interrupt Transfer,16 bytes buffer,,out,01:00:02,FFFFFA8002E7E440h,USBPDO-12,usbhub,FFFFFA80096BC490h,Success (Success)
URB,0040,17:41:09.255,5.274484 s,,Bulk or Interrupt Transfer,64 bytes buffer,,in,01:00:81,FFFFFA8002E7E440h,USBPDO-12,usbhub,FFFFFA8009703010h,
URB,0041-0040,17:41:09.257,5.276460 s,1.976 ms,Bulk or Interrupt Transfer,2 bytes data,80 00,in,01:00:81,FFFFFA8002E7E440h,USBPDO-12,usbhub,FFFFFA8009703010h,Success (Success),80 00
URB,0042,17:41:09.257,5.276493 s,,Bulk or Interrupt Transfer,16 bytes data,F2 08 28 10 00 E0 04 00...,out,01:00:02,FFFFFA8002E7E440h,USBPDO-12,usbhub,FFFFFA80096BC490h,,F2 08 28 10 00 E0 04 00 00 00 00 00 00 00 00 00
URB,0043-0042,17:41:09.258,5.277460 s,968 us,Bulk or Interrupt Transfer,16 bytes buffer,,out,01:00:02,FFFFFA8002E7E440h,USBPDO-12,usbhub,FFFFFA80096BC490h,Success (Success)
URB,0044,17:41:09.258,5.277485 s,,Bulk or Interrupt Transfer,4 bytes data,00 00 00 00,out,01:00:02,FFFFFA8002E7E440h,USBPDO-12,usbhub,FFFFFA80096BC490h,,00 00 00 00
URB,0045-0044,17:41:09.260,5.279461 s,1.976 ms,Bulk or Interrupt Transfer,4 bytes buffer,,out,01:00:02,FFFFFA8002E7E440h,USBPDO-12,usbhub,FFFFFA80096BC490h,Success (Success)
URB,0046,17:41:09.260,5.279486 s,,Bulk or Interrupt Transfer,16 bytes data,F2 3B 00 00 00 00 00 00...,out,01:00:02,FFFFFA8002E7E440h,USBPDO-12,usbhub,FFFFFA80096BC490h,,F2 3B 00 00 00 00 00 00 00 00 00 00 00 00 00 00
URB,0047-0046,17:41:09.262,5.281461 s,1.975 ms,Bulk or Interrupt Transfer,16 bytes buffer,,out,01:00:02,FFFFFA8002E7E440h,USBPDO-12,usbhub,FFFFFA80096BC490h,Success (Success)
URB,0048,17:41:09.262,5.281488 s,,Bulk or Interrupt Transfer,64 bytes buffer,,in,01:00:81,FFFFFA8002E7E440h,USBPDO-12,usbhub,FFFFFA8009703010h,
URB,0049-0048,17:41:09.264,5.283461 s,1.972 ms,Bulk or Interrupt Transfer,2 bytes data,80 00,in,01:00:81,FFFFFA8002E7E440h,USBPDO-12,usbhub,FFFFFA8009703010h,Success (Success),80 00
URB,0050,17:41:09.264,5.283491 s,,Bulk or Interrupt Transfer,16 bytes data,F2 08 38 10 00 E0 04 00...,out,01:00:02,FFFFFA8002E7E440h,USBPDO-12,usbhub,FFFFFA80096BC490h,,F2 08 38 10 00 E0 04 00 00 00 00 00 00 00 00 00
URB,0051-0050,17:41:09.265,5.284460 s,969 us,Bulk or Interrupt Transfer,16 bytes buffer,,out,01:00:02,FFFFFA8002E7E440h,USBPDO-12,usbhub,FFFFFA80096BC490h,Success (Success)
URB,0052,17:41:09.265,5.284484 s,,Bulk or Interrupt Transfer,4 bytes data,00 00 00 00,out,01:00:02,FFFFFA8002E7E440h,USBPDO-12,usbhub,FFFFFA80096BC490h,,00 00 00 00
URB,0053-0052,17:41:09.267,5.286461 s,1.976 ms,Bulk or Interrupt Transfer,4 bytes buffer,,out,01:00:02,FFFFFA8002E7E440h,USBPDO-12,usbhub,FFFFFA80096BC490h,Success (Success)
URB,0054,17:41:09.267,5.286485 s,,Bulk or Interrupt Transfer,16 bytes data,F2 3B 00 00 00 00 00 00...,out,01:00:02,FFFFFA8002E7E440h,USBPDO-12,usbhub,FFFFFA80096BC490h,,F2 3B 00 00 00 00 00 00 00 00 00 00 00 00 00 00
URB,0055-0054,17:41:09.269,5.288460 s,1.975 ms,Bulk or Interrupt Transfer,16 bytes buffer,,out,01:00:02,FFFFFA8002E7E440h,USBPDO-12,usbhub,FFFFFA80096BC490h,Success (Success)
URB,0056,17:41:09.269,5.288485 s,,Bulk or Interrupt Transfer,64 bytes buffer,,in,01:00:81,FFFFFA8002E7E440h,USBPDO-12,usbhub,FFFFFA8009703010h,
URB,0057-0056,17:41:09.271,5.290460 s,1.975 ms,Bulk or Interrupt Transfer,2 bytes data,80 00,in,01:00:81,FFFFFA8002E7E440h,USBPDO-12,usbhub,FFFFFA8009703010h,Success (Success),80 00
URB,0058,17:41:09.271,5.290487 s,,Bulk or Interrupt Transfer,16 bytes data,F2 08 48 10 00 E0 04 00...,out,01:00:02,FFFFFA8002E7E440h,USBPDO-12,usbhub,FFFFFA80096BC490h,,F2 08 48 10 00 E0 04 00 00 00 00 00 00 00 00 00
URB,0059-0058,17:41:09.272,5.291462 s,976 us,Bulk or Interrupt Transfer,16 bytes buffer,,out,01:00:02,FFFFFA8002E7E440h,USBPDO-12,usbhub,FFFFFA80096BC490h,Success (Success)
URB,0060,17:41:09.272,5.291486 s,,Bulk or Interrupt Transfer,4 bytes data,00 00 00 00,out,01:00:02,FFFFFA8002E7E440h,USBPDO-12,usbhub,FFFFFA80096BC490h,,00 00 00 00
URB,0061-0060,17:41:09.274,5.293460 s,1.974 ms,Bulk or Interrupt Transfer,4 bytes buffer,,out,01:00:02,FFFFFA8002E7E440h,USBPDO-12,usbhub,FFFFFA80096BC490h,Success (Success)
URB,0062,17:41:09.274,5.293485 s,,Bulk or Interrupt Transfer,16 bytes data,F2 3B 00 00 00 00 00 00...,out,01:00:02,FFFFFA8002E7E440h,USBPDO-12,usbhub,FFFFFA80096BC490h,,F2 3B 00 00 00 00 00 00 00 00 00 00 00 00 00 00
URB,0063-0062,17:41:09.276,5.295460 s,1.975 ms,Bulk or Interrupt Transfer,16 bytes buffer,,out,01:00:02,FFFFFA8002E7E440h,USBPDO-12,usbhub,FFFFFA80096BC490h,Success (Success)
URB,0064,17:41:09.276,5.295487 s,,Bulk or Interrupt Transfer,64 bytes buffer,,in,01:00:81,FFFFFA8002E7E440h,USBPDO-12,usbhub,FFFFFA8009703010h,
URB,0065-0064,17:41:09.278,5.297460 s,1.973 ms,Bulk or Interrupt Transfer,2 bytes data,80 00,in,01:00:81,FFFFFA8002E7E440h,USBPDO-12,usbhub,FFFFFA8009703010h,Success (Success),80 00
URB,0066,17:41:09.278,5.297488 s,,Bulk or Interrupt Transfer,16 bytes data,F2 08 58 10 00 E0 04 00...,out,01:00:02,FFFFFA8002E7E440h,USBPDO-12,usbhub,FFFFFA80096BC490h,,F2 08 58 10 00 E0 04 00 00 00 00 00 00 00 00 00
URB,0067-0066,17:41:09.279,5.298460 s,972 us,Bulk or Interrupt Transfer,16 bytes buffer,,out,01:00:02,FFFFFA8002E7E440h,USBPDO-12,usbhub,FFFFFA80096BC490h,Success (Success)
URB,0068,17:41:09.279,5.298485 s,,Bulk or Interrupt Transfer,4 bytes data,00 00 00 00,out,01:00:02,FFFFFA8002E7E440h,USBPDO-12,usbhub,FFFFFA80096BC490h,,00 00 00 00
URB,0069-0068,17:41:09.281,5.300460 s,1.975 ms,Bulk or Interrupt Transfer,4 bytes buffer,,out,01:00:02,FFFFFA8002E7E440h,USBPDO-12,usbhub,FFFFFA80096BC490h,Success (Success)
URB,0070,17:41:09.281,5.300484 s,,Bulk or Interrupt Transfer,16 bytes data,F2 3B 00 00 00 00 00 00...,out,01:00:02,FFFFFA8002E7E440h,USBPDO-12,usbhub,FFFFFA80096BC490h,,F2 3B 00 00 00 00 00 00 00 00 00 00 00 00 00 00
URB,0071-0070,17:41:09.283,5.302461 s,1.976 ms,Bulk or Interrupt Transfer,16 bytes buffer,,out,01:00:02,FFFFFA8002E7E440h,USBPDO-12,usbhub,FFFFFA80096BC490h,Success (Success)
URB,0072,17:41:09.283,5.302485 s,,Bulk or Interrupt Transfer,64 bytes buffer,,in,01:00:81,FFFFFA8002E7E440h,USBPDO-12,usbhub,FFFFFA8009703010h,
URB,0073-0072,17:41:09.285,5.304460 s,1.975 ms,Bulk or Interrupt Transfer,2 bytes data,80 00,in,01:00:81,FFFFFA8002E7E440h,USBPDO-12,usbhub,FFFFFA8009703010h,Success (Success),80 00
URB,0074,17:41:09.285,5.304502 s,,Bulk or Interrupt Transfer,16 bytes data,F2 0C 40 11 00 20 02 00...,out,01:00:02,FFFFFA8002E7E440h,USBPDO-12,usbhub,FFFFFA80096BC490h,,F2 0C 40 11 00 20 02 00 00 00 00 00 00 00 00 00
URB,0075-0074,17:41:09.286,5.305459 s,957 us,Bulk or Interrupt Transfer,16 bytes buffer,,out,01:00:02,FFFFFA8002E7E440h,USBPDO-12,usbhub,FFFFFA80096BC490h,Success (Success)
URB,0076,17:41:09.286,5.305483 s,,Bulk or Interrupt Transfer,64 bytes buffer,,in,01:00:81,FFFFFA8002E7E440h,USBPDO-12,usbhub,FFFFFA8009703010h,
URB,0077-0076,17:41:09.288,5.307460 s,1.977 ms,Bulk or Interrupt Transfer,2 bytes data,70 47,in,01:00:81,FFFFFA8002E7E440h,USBPDO-12,usbhub,FFFFFA8009703010h,Success (Success),70 47
URB,0078,17:41:09.288,5.307486 s,,Bulk or Interrupt Transfer,16 bytes data,F2 3B 00 00 00 00 00 00...,out,01:00:02,FFFFFA8002E7E440h,USBPDO-12,usbhub,FFFFFA80096BC490h,,F2 3B 00 00 00 00 00 00 00 00 00 00 00 00 00 00
URB,0079-0078,17:41:09.289,5.308460 s,974 us,Bulk or Interrupt Transfer,16 bytes buffer,,out,01:00:02,FFFFFA8002E7E440h,USBPDO-12,usbhub,FFFFFA80096BC490h,Success (Success)
URB,0080,17:41:09.289,5.308484 s,,Bulk or Interrupt Transfer,64 bytes buffer,,in,01:00:81,FFFFFA8002E7E440h,USBPDO-12,usbhub,FFFFFA8009703010h,
URB,0081-0080,17:41:09.291,5.310459 s,1.975 ms,Bulk or Interrupt Transfer,2 bytes data,80 00,in,01:00:81,FFFFFA8002E7E440h,USBPDO-12,usbhub,FFFFFA8009703010h,Success (Success),80 00
URB,0082,17:41:09.291,5.310485 s,,Bulk or Interrupt Transfer,16 bytes data,F2 0D 40 11 00 20 02 00...,out,01:00:02,FFFFFA8002E7E440h,USBPDO-12,usbhub,FFFFFA80096BC490h,,F2 0D 40 11 00 20 02 00 00 00 00 00 00 00 00 00
URB,0083-0082,17:41:09.292,5.311460 s,975 us,Bulk or Interrupt Transfer,16 bytes buffer,,out,01:00:02,FFFFFA8002E7E440h,USBPDO-12,usbhub,FFFFFA80096BC490h,Success (Success)
URB,0084,17:41:09.292,5.311483 s,,Bulk or Interrupt Transfer,2 bytes data,BE BE,out,01:00:02,FFFFFA8002E7E440h,USBPDO-12,usbhub,FFFFFA80096BC490h,,BE BE
URB,0085-0084,17:41:09.294,5.313462 s,1.979 ms,Bulk or Interrupt Transfer,2 bytes buffer,,out,01:00:02,FFFFFA8002E7E440h,USBPDO-12,usbhub,FFFFFA80096BC490h,Success (Success)
URB,0086,17:41:09.294,5.313486 s,,Bulk or Interrupt Transfer,16 bytes data,F2 3B 00 00 00 00 00 00...,out,01:00:02,FFFFFA8002E7E440h,USBPDO-12,usbhub,FFFFFA80096BC490h,,F2 3B 00 00 00 00 00 00 00 00 00 00 00 00 00 00
URB,0087-0086,17:41:09.296,5.315460 s,1.973 ms,Bulk or Interrupt Transfer,16 bytes buffer,,out,01:00:02,FFFFFA8002E7E440h,USBPDO-12,usbhub,FFFFFA80096BC490h,Success (Success)
URB,0088,17:41:09.296,5.315487 s,,Bulk or Interrupt Transfer,64 bytes buffer,,in,01:00:81,FFFFFA8002E7E440h,USBPDO-12,usbhub,FFFFFA8009703010h,
URB,0089-0088,17:41:09.298,5.317461 s,1.973 ms,Bulk or Interrupt Transfer,2 bytes data,80 00,in,01:00:81,FFFFFA8002E7E440h,USBPDO-12,usbhub,FFFFFA8009703010h,Success (Success),80 00
URB,0090,17:41:09.298,5.317488 s,,Bulk or Interrupt Transfer,16 bytes data,F2 35 F0 ED 00 E0 01 00...,out,01:00:02,FFFFFA8002E7E440h,USBPDO-12,usbhub,FFFFFA80096BC490h,,F2 35 F0 ED 00 E0 01 00 5F A0 00 00 00 00 00 00
URB,0091-0090,17:41:09.299,5.318460 s,972 us,Bulk or Interrupt Transfer,16 bytes buffer,,out,01:00:02,FFFFFA8002E7E440h,USBPDO-12,usbhub,FFFFFA80096BC490h,Success (Success)
URB,0092,17:41:09.299,5.318484 s,,Bulk or Interrupt Transfer,64 bytes buffer,,in,01:00:81,FFFFFA8002E7E440h,USBPDO-12,usbhub,FFFFFA8009703010h,
URB,0093-0092,17:41:09.301,5.320459 s,1.975 ms,Bulk or Interrupt Transfer,2 bytes data,80 00,in,01:00:81,FFFFFA8002E7E440h,USBPDO-12,usbhub,FFFFFA8009703010h,Success (Success),80 00
URB,0094,17:41:09.302,5.321032 s,,Bulk or Interrupt Transfer,16 bytes data,F2 36 F0 ED 00 E0 00 00...,out,01:00:02,FFFFFA8002E7E440h,USBPDO-12,usbhub,FFFFFA80096BC490h,,F2 36 F0 ED 00 E0 00 00 00 00 00 00 00 00 00 00
URB,0095-0094,17:41:09.302,5.321463 s,431 us,Bulk or Interrupt Transfer,16 bytes buffer,,out,01:00:02,FFFFFA8002E7E440h,USBPDO-12,usbhub,FFFFFA80096BC490h,Success (Success)
URB,0096,17:41:09.302,5.321490 s,,Bulk or Interrupt Transfer,64 bytes buffer,,in,01:00:81,FFFFFA8002E7E440h,USBPDO-12,usbhub,FFFFFA8009703010h,
URB,0097-0096,17:41:09.304,5.323462 s,1.972 ms,Bulk or Interrupt Transfer,8 bytes data,80 00 00 01 03 00 03 01,in,01:00:81,FFFFFA8002E7E440h,USBPDO-12,usbhub,FFFFFA8009703010h,Success (Success),80 00 00 01 03 00 03 01
URB,0098,17:41:09.304,5.323500 s,,Bulk or Interrupt Transfer,16 bytes data,F2 0D 40 11 00 20 02 00...,out,01:00:02,FFFFFA8002E7E440h,USBPDO-12,usbhub,FFFFFA80096BC490h,,F2 0D 40 11 00 20 02 00 00 00 00 00 00 00 00 00
URB,0099-0098,17:41:09.305,5.324460 s,960 us,Bulk or Interrupt Transfer,16 bytes buffer,,out,01:00:02,FFFFFA8002E7E440h,USBPDO-12,usbhub,FFFFFA80096BC490h,Success (Success)
URB,0100,17:41:09.305,5.324491 s,,Bulk or Interrupt Transfer,2 bytes data,70 47,out,01:00:02,FFFFFA8002E7E440h,USBPDO-12,usbhub,FFFFFA80096BC490h,,70 47
URB,0101-0100,17:41:09.307,5.326459 s,1.968 ms,Bulk or Interrupt Transfer,2 bytes buffer,,out,01:00:02,FFFFFA8002E7E440h,USBPDO-12,usbhub,FFFFFA80096BC490h,Success (Success)
URB,0102,17:41:09.307,5.326489 s,,Bulk or Interrupt Transfer,16 bytes data,F2 3B 00 00 00 00 00 00...,out,01:00:02,FFFFFA8002E7E440h,USBPDO-12,usbhub,FFFFFA80096BC490h,,F2 3B 00 00 00 00 00 00 00 00 00 00 00 00 00 00
URB,0103-0102,17:41:09.309,5.328461 s,1.972 ms,Bulk or Interrupt Transfer,16 bytes buffer,,out,01:00:02,FFFFFA8002E7E440h,USBPDO-12,usbhub,FFFFFA80096BC490h,Success (Success)
URB,0104,17:41:09.309,5.328488 s,,Bulk or Interrupt Transfer,64 bytes buffer,,in,01:00:81,FFFFFA8002E7E440h,USBPDO-12,usbhub,FFFFFA8009703010h,
URB,0105-0104,17:41:09.311,5.330458 s,1.971 ms,Bulk or Interrupt Transfer,2 bytes data,80 00,in,01:00:81,FFFFFA8002E7E440h,USBPDO-12,usbhub,FFFFFA8009703010h,Success (Success),80 00
URB,0106,17:41:09.311,5.330495 s,,Bulk or Interrupt Transfer,16 bytes data,F2 41 00 00 00 00 00 00...,out,01:00:02,FFFFFA8002E7E440h,USBPDO-12,usbhub,FFFFFA80096BC490h,,F2 41 00 00 00 00 00 00 00 00 00 00 00 00 00 00
URB,0107-0106,17:41:09.312,5.331460 s,965 us,Bulk or Interrupt Transfer,16 bytes buffer,,out,01:00:02,FFFFFA8002E7E440h,USBPDO-12,usbhub,FFFFFA80096BC490h,Success (Success)
URB,0108,17:41:09.312,5.331487 s,,Bulk or Interrupt Transfer,64 bytes buffer,,in,01:00:81,FFFFFA8002E7E440h,USBPDO-12,usbhub,FFFFFA8009703010h,
URB,0109-0108,17:41:09.314,5.333460 s,1.972 ms,Bulk or Interrupt Transfer,2 bytes data,80 00,in,01:00:81,FFFFFA8002E7E440h,USBPDO-12,usbhub,FFFFFA8009703010h,Success (Success),80 00
URB,0110,17:41:09.314,5.333511 s,,Bulk or Interrupt Transfer,16 bytes data,F2 07 FC ED 00 E0 04 00...,out,01:00:02,FFFFFA8002E7E440h,USBPDO-12,usbhub,FFFFFA80096BC490h,,F2 07 FC ED 00 E0 04 00 00 00 00 00 00 00 00 00
URB,0111-0110,17:41:09.315,5.334459 s,949 us,Bulk or Interrupt Transfer,16 bytes buffer,,out,01:00:02,FFFFFA8002E7E440h,USBPDO-12,usbhub,FFFFFA80096BC490h,Success (Success)
URB,0112,17:41:09.315,5.334485 s,,Bulk or Interrupt Transfer,64 bytes buffer,,in,01:00:81,FFFFFA8002E7E440h,USBPDO-12,usbhub,FFFFFA8009703010h,
URB,0113-0112,17:41:09.317,5.336460 s,1.975 ms,Bulk or Interrupt Transfer,4 bytes data,00 00 00 01,in,01:00:81,FFFFFA8002E7E440h,USBPDO-12,usbhub,FFFFFA8009703010h,Success (Success),00 00 00 01
URB,0114,17:41:09.317,5.336490 s,,Bulk or Interrupt Transfer,16 bytes data,F2 3B 00 00 00 00 00 00...,out,01:00:02,FFFFFA8002E7E440h,USBPDO-12,usbhub,FFFFFA80096BC490h,,F2 3B 00 00 00 00 00 00 00 00 00 00 00 00 00 00
URB,0115-0114,17:41:09.318,5.337458 s,968 us,Bulk or Interrupt Transfer,16 bytes buffer,,out,01:00:02,FFFFFA8002E7E440h,USBPDO-12,usbhub,FFFFFA80096BC490h,Success (Success)
URB,0116,17:41:09.318,5.337484 s,,Bulk or Interrupt Transfer,64 bytes buffer,,in,01:00:81,FFFFFA8002E7E440h,USBPDO-12,usbhub,FFFFFA8009703010h,
URB,0117-0116,17:41:09.320,5.339459 s,1.975 ms,Bulk or Interrupt Transfer,2 bytes data,80 00,in,01:00:81,FFFFFA8002E7E440h,USBPDO-12,usbhub,FFFFFA8009703010h,Success (Success),80 00
URB,0118,17:41:09.320,5.339487 s,,Bulk or Interrupt Transfer,16 bytes data,F2 08 FC ED 00 E0 04 00...,out,01:00:02,FFFFFA8002E7E440h,USBPDO-12,usbhub,FFFFFA80096BC490h,,F2 08 FC ED 00 E0 04 00 00 00 00 00 00 00 00 00
URB,0119-0118,17:41:09.321,5.340459 s,972 us,Bulk or Interrupt Transfer,16 bytes buffer,,out,01:00:02,FFFFFA8002E7E440h,USBPDO-12,usbhub,FFFFFA80096BC490h,Success (Success)
URB,0120,17:41:09.321,5.340484 s,,Bulk or Interrupt Transfer,4 bytes data,00 00 00 01,out,01:00:02,FFFFFA8002E7E440h,USBPDO-12,usbhub,FFFFFA80096BC490h,,00 00 00 01
URB,0121-0120,17:41:09.323,5.342460 s,1.976 ms,Bulk or Interrupt Transfer,4 bytes buffer,,out,01:00:02,FFFFFA8002E7E440h,USBPDO-12,usbhub,FFFFFA80096BC490h,Success (Success)
URB,0122,17:41:09.323,5.342484 s,,Bulk or Interrupt Transfer,16 bytes data,F2 3B 00 00 00 00 00 00...,out,01:00:02,FFFFFA8002E7E440h,USBPDO-12,usbhub,FFFFFA80096BC490h,,F2 3B 00 00 00 00 00 00 00 00 00 00 00 00 00 00
URB,0123-0122,17:41:09.325,5.344459 s,1.975 ms,Bulk or Interrupt Transfer,16 bytes buffer,,out,01:00:02,FFFFFA8002E7E440h,USBPDO-12,usbhub,FFFFFA80096BC490h,Success (Success)
URB,0124,17:41:09.325,5.344483 s,,Bulk or Interrupt Transfer,64 bytes buffer,,in,01:00:81,FFFFFA8002E7E440h,USBPDO-12,usbhub,FFFFFA8009703010h,
URB,0125-0124,17:41:09.327,5.346460 s,1.977 ms,Bulk or Interrupt Transfer,2 bytes data,80 00,in,01:00:81,FFFFFA8002E7E440h,USBPDO-12,usbhub,FFFFFA8009703010h,Success (Success),80 00
URB,0126,17:41:09.327,5.346487 s,,Bulk or Interrupt Transfer,16 bytes data,F2 08 28 10 00 E0 04 00...,out,01:00:02,FFFFFA8002E7E440h,USBPDO-12,usbhub,FFFFFA80096BC490h,,F2 08 28 10 00 E0 04 00 00 00 00 00 00 00 00 00
URB,0127-0126,17:41:09.328,5.347459 s,972 us,Bulk or Interrupt Transfer,16 bytes buffer,,out,01:00:02,FFFFFA8002E7E440h,USBPDO-12,usbhub,FFFFFA80096BC490h,Success (Success)
URB,0128,17:41:09.328,5.347483 s,,Bulk or Interrupt Transfer,4 bytes data,00 00 00 00,out,01:00:02,FFFFFA8002E7E440h,USBPDO-12,usbhub,FFFFFA80096BC490h,,00 00 00 00
URB,0129-0128,17:41:09.330,5.349459 s,1.976 ms,Bulk or Interrupt Transfer,4 bytes buffer,,out,01:00:02,FFFFFA8002E7E440h,USBPDO-12,usbhub,FFFFFA80096BC490h,Success (Success)
URB,0130,17:41:09.330,5.349484 s,,Bulk or Interrupt Transfer,16 bytes data,F2 3B 00 00 00 00 00 00...,out,01:00:02,FFFFFA8002E7E440h,USBPDO-12,usbhub,FFFFFA80096BC490h,,F2 3B 00 00 00 00 00 00 00 00 00 00 00 00 00 00
URB,0131-0130,17:41:09.332,5.351459 s,1.975 ms,Bulk or Interrupt Transfer,16 bytes buffer,,out,01:00:02,FFFFFA8002E7E440h,USBPDO-12,usbhub,FFFFFA80096BC490h,Success (Success)
URB,0132,17:41:09.332,5.351482 s,,Bulk or Interrupt Transfer,64 bytes buffer,,in,01:00:81,FFFFFA8002E7E440h,USBPDO-12,usbhub,FFFFFA8009703010h,
URB,0133-0132,17:41:09.334,5.353460 s,1.978 ms,Bulk or Interrupt Transfer,2 bytes data,80 00,in,01:00:81,FFFFFA8002E7E440h,USBPDO-12,usbhub,FFFFFA8009703010h,Success (Success),80 00
URB,0134,17:41:09.334,5.353486 s,,Bulk or Interrupt Transfer,16 bytes data,F2 08 38 10 00 E0 04 00...,out,01:00:02,FFFFFA8002E7E440h,USBPDO-12,usbhub,FFFFFA80096BC490h,,F2 08 38 10 00 E0 04 00 00 00 00 00 00 00 00 00
URB,0135-0134,17:41:09.335,5.354459 s,973 us,Bulk or Interrupt Transfer,16 bytes buffer,,out,01:00:02,FFFFFA8002E7E440h,USBPDO-12,usbhub,FFFFFA80096BC490h,Success (Success)
URB,0136,17:41:09.335,5.354484 s,,Bulk or Interrupt Transfer,4 bytes data,00 00 00 00,out,01:00:02,FFFFFA8002E7E440h,USBPDO-12,usbhub,FFFFFA80096BC490h,,00 00 00 00
URB,0137-0136,17:41:09.337,5.356459 s,1.975 ms,Bulk or Interrupt Transfer,4 bytes buffer,,out,01:00:02,FFFFFA8002E7E440h,USBPDO-12,usbhub,FFFFFA80096BC490h,Success (Success)
URB,0138,17:41:09.337,5.356487 s,,Bulk or Interrupt Transfer,16 bytes data,F2 3B 00 00 00 00 00 00...,out,01:00:02,FFFFFA8002E7E440h,USBPDO-12,usbhub,FFFFFA80096BC490h,,F2 3B 00 00 00 00 00 00 00 00 00 00 00 00 00 00
URB,0139-0138,17:41:09.339,5.358460 s,1.972 ms,Bulk or Interrupt Transfer,16 bytes buffer,,out,01:00:02,FFFFFA8002E7E440h,USBPDO-12,usbhub,FFFFFA80096BC490h,Success (Success)
URB,0140,17:41:09.339,5.358485 s,,Bulk or Interrupt Transfer,64 bytes buffer,,in,01:00:81,FFFFFA8002E7E440h,USBPDO-12,usbhub,FFFFFA8009703010h,
URB,0141-0140,17:41:09.341,5.360459 s,1.973 ms,Bulk or Interrupt Transfer,2 bytes data,80 00,in,01:00:81,FFFFFA8002E7E440h,USBPDO-12,usbhub,FFFFFA8009703010h,Success (Success),80 00
URB,0142,17:41:09.341,5.360486 s,,Bulk or Interrupt Transfer,16 bytes data,F2 08 48 10 00 E0 04 00...,out,01:00:02,FFFFFA8002E7E440h,USBPDO-12,usbhub,FFFFFA80096BC490h,,F2 08 48 10 00 E0 04 00 00 00 00 00 00 00 00 00
URB,0143-0142,17:41:09.342,5.361458 s,972 us,Bulk or Interrupt Transfer,16 bytes buffer,,out,01:00:02,FFFFFA8002E7E440h,USBPDO-12,usbhub,FFFFFA80096BC490h,Success (Success)
URB,0144,17:41:09.342,5.361483 s,,Bulk or Interrupt Transfer,4 bytes data,00 00 00 00,out,01:00:02,FFFFFA8002E7E440h,USBPDO-12,usbhub,FFFFFA80096BC490h,,00 00 00 00
URB,0145-0144,17:41:09.344,5.363461 s,1.979 ms,Bulk or Interrupt Transfer,4 bytes buffer,,out,01:00:02,FFFFFA8002E7E440h,USBPDO-12,usbhub,FFFFFA80096BC490h,Success (Success)
URB,0146,17:41:09.344,5.363486 s,,Bulk or Interrupt Transfer,16 bytes data,F2 3B 00 00 00 00 00 00...,out,01:00:02,FFFFFA8002E7E440h,USBPDO-12,usbhub,FFFFFA80096BC490h,,F2 3B 00 00 00 00 00 00 00 00 00 00 00 00 00 00
URB,0147-0146,17:41:09.346,5.365459 s,1.973 ms,Bulk or Interrupt Transfer,16 bytes buffer,,out,01:00:02,FFFFFA8002E7E440h,USBPDO-12,usbhub,FFFFFA80096BC490h,Success (Success)
URB,0148,17:41:09.346,5.365483 s,,Bulk or Interrupt Transfer,64 bytes buffer,,in,01:00:81,FFFFFA8002E7E440h,USBPDO-12,usbhub,FFFFFA8009703010h,
URB,0149-0148,17:41:09.348,5.367459 s,1.976 ms,Bulk or Interrupt Transfer,2 bytes data,80 00,in,01:00:81,FFFFFA8002E7E440h,USBPDO-12,usbhub,FFFFFA8009703010h,Success (Success),80 00
URB,0150,17:41:09.348,5.367485 s,,Bulk or Interrupt Transfer,16 bytes data,F2 08 58 10 00 E0 04 00...,out,01:00:02,FFFFFA8002E7E440h,USBPDO-12,usbhub,FFFFFA80096BC490h,,F2 08 58 10 00 E0 04 00 00 00 00 00 00 00 00 00
URB,0151-0150,17:41:09.349,5.368459 s,974 us,Bulk or Interrupt Transfer,16 bytes buffer,,out,01:00:02,FFFFFA8002E7E440h,USBPDO-12,usbhub,FFFFFA80096BC490h,Success (Success)
URB,0152,17:41:09.349,5.368483 s,,Bulk or Interrupt Transfer,4 bytes data,00 00 00 00,out,01:00:02,FFFFFA8002E7E440h,USBPDO-12,usbhub,FFFFFA80096BC490h,,00 00 00 00
URB,0153-0152,17:41:09.351,5.370458 s,1.975 ms,Bulk or Interrupt Transfer,4 bytes buffer,,out,01:00:02,FFFFFA8002E7E440h,USBPDO-12,usbhub,FFFFFA80096BC490h,Success (Success)
URB,0154,17:41:09.351,5.370483 s,,Bulk or Interrupt Transfer,16 bytes data,F2 3B 00 00 00 00 00 00...,out,01:00:02,FFFFFA8002E7E440h,USBPDO-12,usbhub,FFFFFA80096BC490h,,F2 3B 00 00 00 00 00 00 00 00 00 00 00 00 00 00
URB,0155-0154,17:41:09.353,5.372460 s,1.976 ms,Bulk or Interrupt Transfer,16 bytes buffer,,out,01:00:02,FFFFFA8002E7E440h,USBPDO-12,usbhub,FFFFFA80096BC490h,Success (Success)
URB,0156,17:41:09.353,5.372483 s,,Bulk or Interrupt Transfer,64 bytes buffer,,in,01:00:81,FFFFFA8002E7E440h,USBPDO-12,usbhub,FFFFFA8009703010h,
URB,0157-0156,17:41:09.355,5.374458 s,1.975 ms,Bulk or Interrupt Transfer,2 bytes data,80 00,in,01:00:81,FFFFFA8002E7E440h,USBPDO-12,usbhub,FFFFFA8009703010h,Success (Success),80 00
URB,0158,17:41:09.355,5.374493 s,,Bulk or Interrupt Transfer,16 bytes data,F2 3A 00 00 00 00 00 00...,out,01:00:02,FFFFFA8002E7E440h,USBPDO-12,usbhub,FFFFFA80096BC490h,,F2 3A 00 00 00 00 00 00 00 00 00 00 00 00 00 00
URB,0159-0158,17:41:09.356,5.375459 s,966 us,Bulk or Interrupt Transfer,16 bytes buffer,,out,01:00:02,FFFFFA8002E7E440h,USBPDO-12,usbhub,FFFFFA80096BC490h,Success (Success)
URB,0160,17:41:09.356,5.375486 s,,Bulk or Interrupt Transfer,64 bytes buffer,,in,01:00:81,FFFFFA8002E7E440h,USBPDO-12,usbhub,FFFFFA8009703010h,
URB,0161-0160,17:41:09.361,5.380459 s,4.973 ms,Bulk or Interrupt Transfer,64 bytes data,80 00 00 01 00 00 00 20...,in,01:00:81,FFFFFA8002E7E440h,USBPDO-12,usbhub,FFFFFA8009703010h,Success (Success),80 00 00 01 00 00 00 20 08 ED 00 E0 80 FF FF 1F 00 00 00 00 00 00 00 00 00 00 00 00 00 00 00 00 00 00 00 00 00 00 00 00 00 00 00 00 00 00 00 00 00 00 00 00 00 00 00 00 A0 19 00 20 6B 0E 00 20
URB,0162,17:41:09.361,5.380468 s,,Bulk or Interrupt Transfer,64 bytes buffer,,in,01:00:81,FFFFFA8002E7E440h,USBPDO-12,usbhub,FFFFFA8009703010h,
URB,0163-0162,17:41:09.363,5.382453 s,1.984 ms,Bulk or Interrupt Transfer,24 bytes data,40 11 00 20 00 00 00 01...,in,01:00:81,FFFFFA8002E7E440h,USBPDO-12,usbhub,FFFFFA8009703010h,Success (Success),40 11 00 20 00 00 00 01 A0 19 00 20 00 00 00 00 00 00 00 00 01 00 00 00
URB,0164,17:41:09.363,5.382485 s,,Bulk or Interrupt Transfer,16 bytes data,F2 0C 40 11 00 20 02 00...,out,01:00:02,FFFFFA8002E7E440h,USBPDO-12,usbhub,FFFFFA80096BC490h,,F2 0C 40 11 00 20 02 00 00 00 00 00 00 00 00 00
URB,0165-0164,17:41:09.364,5.383456 s,970 us,Bulk or Interrupt Transfer,16 bytes buffer,,out,01:00:02,FFFFFA8002E7E440h,USBPDO-12,usbhub,FFFFFA80096BC490h,Success (Success)
URB,0166,17:41:09.364,5.383480 s,,Bulk or Interrupt Transfer,64 bytes buffer,,in,01:00:81,FFFFFA8002E7E440h,USBPDO-12,usbhub,FFFFFA8009703010h,
URB,0167-0166,17:41:09.366,5.385458 s,1.978 ms,Bulk or Interrupt Transfer,2 bytes data,70 47,in,01:00:81,FFFFFA8002E7E440h,USBPDO-12,usbhub,FFFFFA8009703010h,Success (Success),70 47
URB,0168,17:41:09.366,5.385484 s,,Bulk or Interrupt Transfer,16 bytes data,F2 3B 00 00 00 00 00 00...,out,01:00:02,FFFFFA8002E7E440h,USBPDO-12,usbhub,FFFFFA80096BC490h,,F2 3B 00 00 00 00 00 00 00 00 00 00 00 00 00 00
URB,0169-0168,17:41:09.367,5.386458 s,974 us,Bulk or Interrupt Transfer,16 bytes buffer,,out,01:00:02,FFFFFA8002E7E440h,USBPDO-12,usbhub,FFFFFA80096BC490h,Success (Success)
URB,0170,17:41:09.367,5.386482 s,,Bulk or Interrupt Transfer,64 bytes buffer,,in,01:00:81,FFFFFA8002E7E440h,USBPDO-12,usbhub,FFFFFA8009703010h,
URB,0171-0170,17:41:09.369,5.388460 s,1.978 ms,Bulk or Interrupt Transfer,2 bytes data,80 00,in,01:00:81,FFFFFA8002E7E440h,USBPDO-12,usbhub,FFFFFA8009703010h,Success (Success),80 00
URB,0172,17:41:09.369,5.388623 s,,Bulk or Interrupt Transfer,16 bytes data,F2 07 04 10 00 E0 04 00...,out,01:00:02,FFFFFA8002E7E440h,USBPDO-12,usbhub,FFFFFA80096BC490h,,F2 07 04 10 00 E0 04 00 00 00 00 00 00 00 00 00
URB,0173-0172,17:41:09.370,5.389462 s,839 us,Bulk or Interrupt Transfer,16 bytes buffer,,out,01:00:02,FFFFFA8002E7E440h,USBPDO-12,usbhub,FFFFFA80096BC490h,Success (Success)
URB,0174,17:41:09.370,5.389487 s,,Bulk or Interrupt Transfer,64 bytes buffer,,in,01:00:81,FFFFFA8002E7E440h,USBPDO-12,usbhub,FFFFFA8009703010h,
URB,0175-0174,17:41:09.372,5.391459 s,1.972 ms,Bulk or Interrupt Transfer,4 bytes data,00 00 00 00,in,01:00:81,FFFFFA8002E7E440h,USBPDO-12,usbhub,FFFFFA8009703010h,Success (Success),00 00 00 00
URB,0176,17:41:09.372,5.391485 s,,Bulk or Interrupt Transfer,16 bytes data,F2 3B 00 00 00 00 00 00...,out,01:00:02,FFFFFA8002E7E440h,USBPDO-12,usbhub,FFFFFA80096BC490h,,F2 3B 00 00 00 00 00 00 00 00 00 00 00 00 00 00
URB,0177-0176,17:41:09.373,5.392459 s,974 us,Bulk or Interrupt Transfer,16 bytes buffer,,out,01:00:02,FFFFFA8002E7E440h,USBPDO-12,usbhub,FFFFFA80096BC490h,Success (Success)
URB,0178,17:41:09.373,5.392482 s,,Bulk or Interrupt Transfer,64 bytes buffer,,in,01:00:81,FFFFFA8002E7E440h,USBPDO-12,usbhub,FFFFFA8009703010h,
URB,0179-0178,17:41:09.375,5.394458 s,1.976 ms,Bulk or Interrupt Transfer,2 bytes data,80 00,in,01:00:81,FFFFFA8002E7E440h,USBPDO-12,usbhub,FFFFFA8009703010h,Success (Success),80 00
URB,0180,17:41:09.386,5.405429 s,,Bulk or Interrupt Transfer,16 bytes data,F2 07 E4 19 00 20 04 00...,out,01:00:02,FFFFFA8002E7E440h,USBPDO-12,usbhub,FFFFFA8008A08C60h,,F2 07 E4 19 00 20 04 00 00 00 00 00 00 00 00 00
URB,0181-0180,17:41:09.387,5.406464 s,1.035 ms,Bulk or Interrupt Transfer,16 bytes buffer,,out,01:00:02,FFFFFA8002E7E440h,USBPDO-12,usbhub,FFFFFA8008A08C60h,Success (Success)
URB,0182,17:41:09.387,5.406495 s,,Bulk or Interrupt Transfer,64 bytes buffer,,in,01:00:81,FFFFFA8002E7E440h,USBPDO-12,usbhub,FFFFFA8009703010h,
URB,0183-0182,17:41:09.389,5.408458 s,1.963 ms,Bulk or Interrupt Transfer,4 bytes data,67 14 00 20,in,01:00:81,FFFFFA8002E7E440h,USBPDO-12,usbhub,FFFFFA8009703010h,Success (Success),67 14 00 20
URB,0184,17:41:09.389,5.408487 s,,Bulk or Interrupt Transfer,16 bytes data,F2 3B 00 00 00 00 00 00...,out,01:00:02,FFFFFA8002E7E440h,USBPDO-12,usbhub,FFFFFA8008A08C60h,,F2 3B 00 00 00 00 00 00 00 00 00 00 00 00 00 00
URB,0185-0184,17:41:09.390,5.409458 s,971 us,Bulk or Interrupt Transfer,16 bytes buffer,,out,01:00:02,FFFFFA8002E7E440h,USBPDO-12,usbhub,FFFFFA8008A08C60h,Success (Success)
URB,0186,17:41:09.390,5.409483 s,,Bulk or Interrupt Transfer,64 bytes buffer,,in,01:00:81,FFFFFA8002E7E440h,USBPDO-12,usbhub,FFFFFA8009703010h,
URB,0187-0186,17:41:09.392,5.411458 s,1.975 ms,Bulk or Interrupt Transfer,2 bytes data,80 00,in,01:00:81,FFFFFA8002E7E440h,USBPDO-12,usbhub,FFFFFA8009703010h,Success (Success),80 00

This report was generated by USBlyzer http://www.usblyzer.com/
